title,score,id,subreddit,url,num_comments,body,flair_id,flair,created
Thigh muscle pains during NS,0,awrlp6,NationalServiceSG,https://www.reddit.com/r/NationalServiceSG/comments/awrlp6/thigh_muscle_pains_during_ns/,0,,None,None,1551625089.0
SCS questions,1,b1f376,NationalServiceSG,https://www.reddit.com/r/NationalServiceSG/comments/b1f376/scs_questions/,1,,None,None,1552686008.0
MP vocation,2,b1cw7s,NationalServiceSG,https://www.reddit.com/r/NationalServiceSG/comments/b1cw7s/mp_vocation/,2,"Heard that there is a new MP commander or sth and that MP will now become stay in, more xiong etc? Anyone got any info?",None,None,1552671851.0
Research on the State of Sport in Singapore (your opinion matters),0,bbvkuh,NationalServiceSG,https://www.reddit.com/r/NationalServiceSG/comments/bbvkuh/research_on_the_state_of_sport_in_singapore_your/,2,,None,None,1554983669.0
"New to NS, Down PES?",0,bfct03,NationalServiceSG,https://www.reddit.com/r/NationalServiceSG/comments/bfct03/new_to_ns_down_pes/,6,,8f1b799a-10be-11e9-a22a-0ebe2cfd4fcc,Question,1555799654.0
PTP and Confinement,3,bj5s4b,NationalServiceSG,https://www.reddit.com/r/NationalServiceSG/comments/bj5s4b/ptp_and_confinement/,5,,None,None,1556672749.0
Hello,0,bkmel9,NationalServiceSG,https://www.reddit.com/r/NationalServiceSG/comments/bkmel9/hello/,0,,None,None,1557013306.0
Help regarding NS,0,bkmiho,NationalServiceSG,https://www.reddit.com/r/NationalServiceSG/comments/bkmiho/help_regarding_ns/,4,,None,None,1557013960.0
Uni Stuff in NS,0,bwjwyl,NationalServiceSG,https://www.reddit.com/r/NationalServiceSG/comments/bwjwyl/uni_stuff_in_ns/,7,"So I am going to have my BMT soon and I forgot to apply for university before the graduation time. So I was wondering if you can still apply during ns and I mean like what if the University has test or required interview?

And if they require a test, do we have time to study for it? Without losing sleep over it",None,None,1559647054.0
Will I kena commandos?,0,cfiy3d,NationalServiceSG,https://www.reddit.com/r/NationalServiceSG/comments/cfiy3d/will_i_kena_commandos/,5, Hi I am a pre enlistee. I have never gotten the commando vocational assessment letter. Is there still a chance I will get enlisted to commandos if I didnt get called up va?,None,None,1563634714.0
Excuse uniform psychological,0,ch4m47,NationalServiceSG,https://www.reddit.com/r/NationalServiceSG/comments/ch4m47/excuse_uniform_psychological/,4,Will MO give me excuse uniform for 84 days if I convinced my psyc to give me excuse uniform? I have severe anxiety with regards to wearing smart 4.,None,None,1563979393.0
How to chut peng?,0,ci0ers,NationalServiceSG,https://www.reddit.com/r/NationalServiceSG/comments/ci0ers/how_to_chut_peng/,1,Any idea guys?,None,None,1564159999.0
PES E BMT RECOURSE,0,ciijkr,NationalServiceSG,https://www.reddit.com/r/NationalServiceSG/comments/ciijkr/pes_e_bmt_recourse/,1,,None,None,1564268688.0
Questions about IPPT TEST for PES B2 .,0,cljbbh,NationalServiceSG,https://www.reddit.com/r/NationalServiceSG/comments/cljbbh/questions_about_ippt_test_for_pes_b2/,3,,8f1b799a-10be-11e9-a22a-0ebe2cfd4fcc,Question,1564871150.0
NS SCS Pro-Term OOC,3,cv70np,NationalServiceSG,https://www.reddit.com/r/NationalServiceSG/comments/cv70np/ns_scs_proterm_ooc/,3,"Wanna ask if you OOC from Pro-Term, where do you usually go? 

Can I still become a Spec and more importantly, can I still go to SCGP to become a Spec? Because I really want my parents to feel proud of me getting 3SG at the SCGP, but I might fall out and OOC due to injuries

Thank you!",None,None,1566758469.0
Still a Recruit despite completing BMT recourse,0,d4k6jm,NationalServiceSG,https://www.reddit.com/r/NationalServiceSG/comments/d4k6jm/still_a_recruit_despite_completing_bmt_recourse/,6,,None,None,1568581482.0
How to make more money?,1,bvihs9,NationalServiceSG,https://www.reddit.com/r/NationalServiceSG/comments/bvihs9/how_to_make_more_money/,12,Are there any creative ways to make more money as an NSF without it being seen as moonlighting. I have used up all my allowance for FL services which cost 550/1/1 within the past month and only now I realised how screwed am I as I am addicted,8f1b799a-10be-11e9-a22a-0ebe2cfd4fcc,Question,1559404768.0
Can NSFs make transport claims?,0,d6asee,NationalServiceSG,https://www.reddit.com/r/NationalServiceSG/comments/d6asee/can_nsfs_make_transport_claims/,1,"Please advise, thanks.",None,None,1568908184.0
Enlisting on 3rd Oct,0,dbdy4b,NationalServiceSG,https://www.reddit.com/r/NationalServiceSG/comments/dbdy4b/enlisting_on_3rd_oct/,1,"Hi all,

I‚Äôll be enlisting this Thursday at 12.45 and I‚Äôm just wondering if anyone knows which school I‚Äôll end up in? And also if it‚Äôs an enhanced batch? 

Thanks in advance! :)",None,None,1569889052.0
October 2nd Intake,0,dbp6r3,NationalServiceSG,https://www.reddit.com/r/NationalServiceSG/comments/dbp6r3/october_2nd_intake/,3,,8f1b799a-10be-11e9-a22a-0ebe2cfd4fcc,Question,1569939724.0
Question about NS,0,dp07sw,NationalServiceSG,https://www.reddit.com/r/singapore/comments/do6z5g/question_about_ns/,0,,None,None,1572429476.0
PES BP,1,ej3jxq,NationalServiceSG,https://www.reddit.com/r/NationalServiceSG/comments/ej3jxq/pes_bp/,5,"Hi so I'm enlisting on 29th Jan as pes BP does anyone know the lifestyle, what to expect, what will be the scedule and how to cope?",None,None,1578024947.0
CB extension without change to ORD. Unfair to others who have to serve in the meantime.,0,g65mjm,NationalServiceSG,https://www.reddit.com/r/NationalServiceSG/comments/g65mjm/cb_extension_without_change_to_ord_unfair_to/,24,,f85220b2-10be-11e9-85c0-0eba31b23f78,Discussion,1587606101.0
"If my temporary pes ends and I up-pes, will I have to re-BMT?",0,gz2h09,NationalServiceSG,https://www.reddit.com/r/NationalServiceSG/comments/gz2h09/if_my_temporary_pes_ends_and_i_uppes_will_i_have/,2,"Title, realised a few weeks ago my PES is temporary and have to go for medical review soon. I‚Äôm not sure if it‚Äôll be made permanent by MO. Will I be re-vocationalised as well? I am an ASA right now and have been for 3 months.",8f1b799a-10be-11e9-a22a-0ebe2cfd4fcc,Question,1591662266.0
shld I aim for Command Sch,1,h89q21,NationalServiceSG,https://www.reddit.com/r/NationalServiceSG/comments/h89q21/shld_i_aim_for_command_sch/,5,"I am currently going through my BMT Phase and honestly I am quite lost and confused. I would appreciate if anyone here could advice me. Majority of my platoon mates/friends are all aiming for command school and i can't help but feel pressured to aim for it as well. I don't have a strong interest to go unlike my peers at this juncture but my friends have been advicing for me to aim for it so that I can grow as a person and gain something along the 2 years. I kind of agree with them that I wld want to grow individually after my ns journey but I am still stuck in a sense whether I shld aim for it although I dont have much interest to lead now and whether i am suited for it. 

I know this may be a subjective question but wld like to hear from those who been through whether it is really worth it overall?",8f1b799a-10be-11e9-a22a-0ebe2cfd4fcc,Question,1592091378.0
What E9 vocations are there,0,gzp2e7,NationalServiceSG,https://www.reddit.com/r/NationalServiceSG/comments/gzp2e7/what_e9_vocations_are_there/,2,"apart from the obvious (ASA/clerk), what other vocations can pes E9 personnel get? i also heard from some ppl that e9 cannot be in transport and just want to find out which vocation i may get as i recently down pessed to E9 (am currently in infantry unit waiting for my new vocation)",8f1b799a-10be-11e9-a22a-0ebe2cfd4fcc,Question,1591744535.0
Is it possible to switch from NDU to ME,9,hidexl,NationalServiceSG,https://www.reddit.com/r/NationalServiceSG/comments/hidexl/is_it_possible_to_switch_from_ndu_to_me/,4,"I‚Äôll be enlisting to ndu hq on Aug. However, I would want to be military expert because I received an offer from ntu aero engineering. Is it possible for me to switch ? 

And I would like to apply for SAF merit/engineering scholarship.",8f1b799a-10be-11e9-a22a-0ebe2cfd4fcc,Question,1593509132.0
If i sign on as a naval diver will I get to travel around the world on navy ships?,0,hm02bq,NationalServiceSG,https://www.reddit.com/r/NationalServiceSG/comments/hm02bq/if_i_sign_on_as_a_naval_diver_will_i_get_to/,6,,8f1b799a-10be-11e9-a22a-0ebe2cfd4fcc,Question,1594034549.0
Any Singapore army vocations see combat?,1,gyxc9g,NationalServiceSG,https://www.reddit.com/r/NationalServiceSG/comments/gyxc9g/any_singapore_army_vocations_see_combat/,8,,8f1b799a-10be-11e9-a22a-0ebe2cfd4fcc,Question,1591643316.0
why out of sudden revocated...,0,hv0zdl,NationalServiceSG,https://www.reddit.com/r/NationalServiceSG/comments/hv0zdl/why_out_of_sudden_revocated/,4,,8f1b799a-10be-11e9-a22a-0ebe2cfd4fcc,Question,1595335075.0
How to get into BMT companies that have female recruits?,0,ivalnl,NationalServiceSG,https://www.reddit.com/r/NationalServiceSG/comments/ivalnl/how_to_get_into_bmt_companies_that_have_female/,3,"I know this is gonna sound dumb and that no one really knows how recruits are assigned to each company, but does anyone know under what criteria, can male recruits be sent to BMT companies with female recruits? Like any rumours or theories about it HAHAHA",8f1b799a-10be-11e9-a22a-0ebe2cfd4fcc,Question,1600479196.0
Enlisting questions that i want to ask,7,isgvrs,NationalServiceSG,https://www.reddit.com/r/NationalServiceSG/comments/isgvrs/enlisting_questions_that_i_want_to_ask/,23,"Hi friends,

In the enlistee packing list, they didnt say that we should pack in home clothes shirt. This means we need to wear army shirt when doing pt etc.... Just wondering, how many set of pt/admin shirt will they give us? will it be enough? also i am enlisting on 28 september (tekong), when will my first book out be?",8f1b799a-10be-11e9-a22a-0ebe2cfd4fcc,Question,1600100162.0
How was your commandos VA like? Do they look at your education?,2,irwj3n,NationalServiceSG,https://www.reddit.com/r/NationalServiceSG/comments/irwj3n/how_was_your_commandos_va_like_do_they_look_at/,14,Want to join commandos but enrolling in ite :(,969079d4-86e5-11ea-a60f-0ef1dddc23a9,üë§ Personal Experience ,1600024846.0
Received mob manning notification but I haven't ORDed yet,3,keqidt,NationalServiceSG,https://www.reddit.com/r/NationalServiceSG/comments/keqidt/received_mob_manning_notification_but_i_havent/,5,"My mob manning is before I ORD. What does this mean? I thought I would only get this after I ORD

Weird situation because I don't have a direct superior to ask about this",8f1b799a-10be-11e9-a22a-0ebe2cfd4fcc,Question,1608208925.0
How is training in OCS like?,49,ky9ae3,NationalServiceSG,https://www.reddit.com/r/NationalServiceSG/comments/ky9ae3/how_is_training_in_ocs_like/,39,"Hello! I'm currently a few weeks into the enhanced leadership batch of BMT and will be doing the express interest form to indicate whether I want to go OCS/SCS soon. Can anyone share their experience in OCS? I have done some googling but can't find much relevant information. Like in terms of physical intensity how does it compare with BMT? And is there ""7 hours of uninterupted rest"" guaranteed as well (since I really need sleep)? Also how are the facilities (e.g. shower, toilets) like as compared to those in BMTC in Tekong? Thanks so much!",8f1b799a-10be-11e9-a22a-0ebe2cfd4fcc,Question,1610790576.0
What to expect as a c9 recruit in bmt and what is combat support,0,lr3fs6,NationalServiceSG,https://www.reddit.com/r/NationalServiceSG/comments/lr3fs6/what_to_expect_as_a_c9_recruit_in_bmt_and_what_is/,10,,8f1b799a-10be-11e9-a22a-0ebe2cfd4fcc,Question,1614169012.0
Are cameraphones allowed inside camps for pes E1?or do we have to sandblast/remove camera?,0,lslopr,NationalServiceSG,https://www.reddit.com/r/NationalServiceSG/comments/lslopr/are_cameraphones_allowed_inside_camps_for_pes/,6,,8f1b799a-10be-11e9-a22a-0ebe2cfd4fcc,Question,1614329375.0
what are my possible vocations,0,lsung0,NationalServiceSG,https://www.reddit.com/r/NationalServiceSG/comments/lsung0/what_are_my_possible_vocations/,7,hi I was from pes bp and recently my pes was changed to b2,f85220b2-10be-11e9-85c0-0eba31b23f78,Discussion,1614362870.0
...and infantrymen still claim to be straight,0,b2f29r,NationalServiceSG,https://www.reddit.com/r/MilitaryStories/comments/b26jum/and_infantrymen_still_claim_to_be_straight/,0,,None,None,1552917709.0
PES F Serious,1,bjfz4h,NationalServiceSG,https://www.reddit.com/r/NationalServiceSG/comments/bjfz4h/pes_f_serious/,6,,None,None,1556738777.0
Cyber security vocation,4,bppqub,NationalServiceSG,https://www.reddit.com/r/NationalServiceSG/comments/bppqub/cyber_security_vocation/,1,"So I received this message from the NS portal:

>MINDEF has launched the Cyber NSF Scheme to allow NSFs to serve in cybersecurity domain.  
>  
>Find out more at [https://www.mindef.gov.sg/cybernsf](https://www.mindef.gov.sg/cybernsf)

I am a **Permanent Resident**, and I got **PES B1**. I have applied for the scheme, but I still haven't received any follow-up. I know that I am combat fit as stated above, but I have also heard people who are combat fit selected for this vocation.

When will I get to know if I have been selected for this vocation? Will it be after I POP or after I enlist?",8f1b799a-10be-11e9-a22a-0ebe2cfd4fcc,Question,1558119351.0
PES?,0,bw88st,NationalServiceSG,https://www.reddit.com/r/NationalServiceSG/comments/bw88st/pes/,2,,None,None,1559578597.0
Bisexual qns,0,c19n1k,NationalServiceSG,https://www.reddit.com/r/NationalServiceSG/comments/c19n1k/bisexual_qns/,0,,None,None,1560718884.0
Anyone can kindly tell me how does the PES system works and will the training be any different among different PES?,0,c7sm6h,NationalServiceSG,https://www.reddit.com/r/NationalServiceSG/comments/c7sm6h/anyone_can_kindly_tell_me_how_does_the_pes_system/,15,,None,None,1562016765.0
Enlistment date after final medical review,1,c40qo5,NationalServiceSG,https://www.reddit.com/r/NationalServiceSG/comments/c40qo5/enlistment_date_after_final_medical_review/,2,"After my final medical review,  I received my temporary PES B4 status on 21 June. The next range of enlistment dates for PES B BMT is on the first week of July and 9 July. Is it possible for CMPB to enlist me during this period? The MO told me that I can keep calling after I get my PES Status to try to get enlisted in July, so is this possible? Really need to get enlisted in July to make it for university without having to disrupt for NS/miss orientation. Thanks",None,None,1561304792.0
Posted out to cpmb human resource,0,cdqe7z,NationalServiceSG,https://www.reddit.com/r/NationalServiceSG/comments/cdqe7z/posted_out_to_cpmb_human_resource/,4,"Calling out all nsf!!!!

Guys I just received my unit got posted to cpmb wonder how the working environment there will be Like??",8f1b799a-10be-11e9-a22a-0ebe2cfd4fcc,Question,1563268923.0
University Admission after NS,1,ce04g7,NationalServiceSG,https://www.reddit.com/r/NationalServiceSG/comments/ce04g7/university_admission_after_ns/,3,"I will be enlisting in early October this year. Haven't applied for a uni but I'm considering to do so when the application window opens later this year. Considering that NS is 1 year 10 months, I will ORD sometime in August, which is the same month wherein most uni semesters start.

If my ORD date is later than the start of the semester, will I be able to start school in the same year/month that I ORD (and miss out on the first few days/weeks of school) or will I have to wait for the next academic year due to the overlap?",None,None,1563326785.0
Posted to Mandai Hill Camp HQ 6th Div,0,cfg1g7,NationalServiceSG,https://www.reddit.com/r/NationalServiceSG/comments/cfg1g7/posted_to_mandai_hill_camp_hq_6th_div/,5,"So ive received my posting order that I'm to report to Mandai Hill camp Front desk IC as an ASA.

Questions is what is it like working as an ASA there? Is the food there nice? Also is it possible if I ask to be transferred to a different camp because honestly Mandai Hill is ulu and inaccessible",None,None,1563614586.0
PES B1 with Grenades & Explosives Excuse,0,cqq05t,NationalServiceSG,https://www.reddit.com/r/NationalServiceSG/comments/cqq05t/pes_b1_with_grenades_explosives_excuse/,7,"I just got my PES status. Apparently I've been allocated PES B1 and I've been permanently excused from grenades and explosives. Does that mean that I won't be throwing grenades in BMT? Will that affect my vocations as well?

Also, since I'm currently in a tertiary institution, I was wondering if having this on my record would affect my chances of getting Government Scholarships since I'm sorta interested in certain military and civilian healthcare-based scholarships.

Thanks for the help!!",None,None,1565905387.0
BMTC Trainer,0,cuhomw,NationalServiceSG,https://www.reddit.com/r/NationalServiceSG/comments/cuhomw/bmtc_trainer/,1,,None,None,1566612973.0
Getting Anxious and Depressed,1,cubihy,NationalServiceSG,https://www.reddit.com/r/NationalServiceSG/comments/cubihy/getting_anxious_and_depressed/,6,,f85220b2-10be-11e9-85c0-0eba31b23f78,Discussion,1566581551.0
How to get more medical appointment?,0,d5rxc6,NationalServiceSG,https://www.reddit.com/r/NationalServiceSG/comments/d5rxc6/how_to_get_more_medical_appointment/,2,,None,None,1568805814.0
Help!!,0,d6riie,NationalServiceSG,https://www.reddit.com/r/NationalServiceSG/comments/d6riie/help/,2,,None,None,1568994072.0
How many of you got to use non standard weapons?,0,d8ymfy,NationalServiceSG,https://www.reddit.com/r/NationalServiceSG/comments/d8ymfy/how_many_of_you_got_to_use_non_standard_weapons/,4,"Question for SPF and SAF folks, how many got to use non standard issue weapons i.e. SAR 21, M203, SAW, GPMG for SAF and revolver/pistol for SPF?

Which NSF units get to use mp5 and the non standard SAR 21, like the one with P rails and optical scope? How about snipers?

I only get to use the standard stuff :(",None,None,1569416376.0
Leap year,1,d8goe6,NationalServiceSG,https://www.reddit.com/r/NationalServiceSG/comments/d8goe6/leap_year/,5,"Since next year is a Leap year and I ord in 2021, will I get an extra OIL since I will be serving one additional day.",None,None,1569319456.0
LEARNET registration,0,dekpiq,NationalServiceSG,https://www.reddit.com/r/NationalServiceSG/comments/dekpiq/learnet_registration/,0,,None,None,1570489640.0
Do you have to get IPPT Gold to be Company Best?,0,dav6pg,NationalServiceSG,https://www.reddit.com/r/NationalServiceSG/comments/dav6pg/do_you_have_to_get_ippt_gold_to_be_company_best/,8,,None,None,1569792896.0
Can recruits use the vending machines in their company building?,0,dh4439,NationalServiceSG,https://www.reddit.com/r/NationalServiceSG/comments/dh4439/can_recruits_use_the_vending_machines_in_their/,5,,None,None,1570959222.0
Question about Field Camp,0,dsoldj,NationalServiceSG,https://www.reddit.com/r/NationalServiceSG/comments/dsoldj/question_about_field_camp/,2,,8f1b799a-10be-11e9-a22a-0ebe2cfd4fcc,Question,1573111596.0
Leave dispute,0,dsdhvm,NationalServiceSG,https://www.reddit.com/r/NationalServiceSG/comments/dsdhvm/leave_dispute/,3,"I have actually received an MC from my medical appt during the block leave, is it possible for me to dispute my leave and get back an additional day of leave. How can I go about disputing? I cannot find any information on NS portal.",None,None,1573057980.0
SCS Cadet in foundation term (allowance),0,fl1tau,NationalServiceSG,https://www.reddit.com/r/NationalServiceSG/comments/fl1tau/scs_cadet_in_foundation_term_allowance/,11,As a new scs cadet in found term what is my allowance.. is it just 720 or 720+ vocation allowance?,None,None,1584611821.0
Is it possible to sign on as PES C9,4,g3wf57,NationalServiceSG,https://www.reddit.com/r/NationalServiceSG/comments/g3wf57/is_it_possible_to_sign_on_as_pes_c9/,14,"Hello! A little bit of context here. I‚Äôm currently at the start of my National Service, enlisted on 2 April to BMTC School V but was sent home due to circuit breaker. Because of this, I‚Äôm having difficulty gathering the necessary information I need for a potential army career.

I spoke to my section commander over videocall a few days back about the possibility of signing on, and from what I gather from him, the only possible route I can take will be the Military Expert scheme because I am not combat fit and therefore wouldn‚Äôt qualify for officer scheme, and because I will be starting a degree in 2022, WO Spec will not be suitable as well. Just to do a fact check, can I really sign on as an ME as a C9?

A little bit more background; I was downgraded by the MO back when I did my checkup as I have mild eczema and childhood bronchitis. Nothing more than that. When I had my one to one interview with my PC, he was equally taken aback because the downgrade might‚Äôve been a little too drastic. Hence, if there were to be a need that I‚Äôll have to up PES in order to sign on, I guess my chances are there as well?

Would appreciate any information/feedback regarding the above issue :) I‚Äôll be booking in on the 8 of May, and my Section Commander has stated that if I do have intentions of upping my PES status, he will send me to the MO straight on 8 May.",8f1b799a-10be-11e9-a22a-0ebe2cfd4fcc,Question,1587277740.0
Does going to OCS and becoming an officer extend time you have to serve?,1,gz2mx7,NationalServiceSG,https://www.reddit.com/r/NationalServiceSG/comments/gz2mx7/does_going_to_ocs_and_becoming_an_officer_extend/,3,,8f1b799a-10be-11e9-a22a-0ebe2cfd4fcc,Question,1591662774.0
Can PES C recruits enter SCS,1,ha86j9,NationalServiceSG,https://www.reddit.com/r/NationalServiceSG/comments/ha86j9/can_pes_c_recruits_enter_scs/,4,,8f1b799a-10be-11e9-a22a-0ebe2cfd4fcc,Question,1592356395.0
After uip for 2 weeks......,0,hrkc5r,NationalServiceSG,https://www.reddit.com/r/NationalServiceSG/comments/hrkc5r/after_uip_for_2_weeks/,6,after uip than post out what will i be doing,8f1b799a-10be-11e9-a22a-0ebe2cfd4fcc,Question,1594833181.0
Vocation Choices for PES C9.,0,hx512e,NationalServiceSG,https://www.reddit.com/r/NationalServiceSG/comments/hx512e/vocation_choices_for_pes_c9/,2,"Currently finishing up phase 1 of bmt at kranji and was just curious to know what vocations we can expect to be posted to for our 5 week vocational training. Any insight on the PES C9 life is also welcome. 

Thanks!",8f1b799a-10be-11e9-a22a-0ebe2cfd4fcc,Question,1595637324.0
Need help from regulars (AFE-M) from the RSAF,2,irs72y,NationalServiceSG,https://www.reddit.com/r/NationalServiceSG/comments/irs72y/need_help_from_regulars_afem_from_the_rsaf/,14,"Hi everyone, Ive been offered an interview as AFE-M after my POP which is next week. I have a few questions for those AFE here.

1) Hows the progression from ME1 onwards?

2) Hows the work - life balance and hows the culture there?

3) Do we get to go for overseas attachment and if yes, how long?

4) I'm from HNITEC so they're offering me an extended 3-4 years NS and while doing Work-Study Diploma for free. Is it worth it?

Timeline will be as follow:
Y1 : BMT + Ab-initio + OJT
Y2 : Attached to unit + WSDIP
Y3 : Extension of service + WSDIP
Y4-6 : Extension of service

Do give your thoughts my fellow redditors and have a nice day !",8f1b799a-10be-11e9-a22a-0ebe2cfd4fcc,Question,1600002224.0
tips Being muslim in the army,21,isiczh,NationalServiceSG,https://www.reddit.com/r/NationalServiceSG/comments/isiczh/tips_being_muslim_in_the_army/,21,"i have yet to enlist, and im deferring till further notice.

I know singapore is a diverse country and we barely have any cases of racism here. So this may seem like a stupid question. But what is it like to be muslim in the army?

What are the options for me to keep a beard? I'm of the opinion that the beard for a muslim is obligatory as it is part of our nature as a man. Only females don't have beards (unless in special cases).

Will i be missing a lot of my prayers due to the training?

Any other tips for me and the other pre-enlistees before we take a big leap into NS life?


also, there were 2 commando guys who told me if i keep deferring, I'll get an L unit, or a ""shit"" unit. what does he mean?",8f1b799a-10be-11e9-a22a-0ebe2cfd4fcc,Question,1600108122.0
NS Vocation for PR Obese batch,2,jvqswu,NationalServiceSG,https://www.reddit.com/r/NationalServiceSG/comments/jvqswu/ns_vocation_for_pr_obese_batch/,6,"Currently I'm Obese Batch in bmt who gotten B1 pes status and fail ippt
I'm a PR China, what are the possible vocation I would get into",8f1b799a-10be-11e9-a22a-0ebe2cfd4fcc,Question,1605637900.0
Questions for Pes E9 NSmen,0,jw5a62,NationalServiceSG,https://www.reddit.com/r/NationalServiceSG/comments/jw5a62/questions_for_pes_e9_nsmen/,15,,8f1b799a-10be-11e9-a22a-0ebe2cfd4fcc,Question,1605688105.0
To recourse or not.......?,1,jwbed3,NationalServiceSG,https://www.reddit.com/r/NationalServiceSG/comments/jwbed3/to_recourse_or_not/,7,,8f1b799a-10be-11e9-a22a-0ebe2cfd4fcc,Question,1605712949.0
Private vs Public Specialist,1,lwpttx,NationalServiceSG,https://www.reddit.com/r/NationalServiceSG/comments/lwpttx/private_vs_public_specialist/,9,Regarding downpes to F from E9 ( physical) does private specialist memo for MO work? Or is government hospital specialist specifically needed. Need answers anything is useful thank you so much,e2e348a6-6e36-11ea-9ee4-0ea0f75f8a59,üè• Medical,1614792540.0
What is the use of MAPAS test which we took on the medical screening?,0,lwogcj,NationalServiceSG,https://www.reddit.com/r/NationalServiceSG/comments/lwogcj/what_is_the_use_of_mapas_test_which_we_took_on/,3,,8f1b799a-10be-11e9-a22a-0ebe2cfd4fcc,Question,1614786811.0
Can SPF get into Military Police?,0,ltrh8e,NationalServiceSG,https://www.reddit.com/r/NationalServiceSG/comments/ltrh8e/can_spf_get_into_military_police/,9,"As the title states, I am from SPF and wondering if by any chance I can get transferred into the military police?",8f1b799a-10be-11e9-a22a-0ebe2cfd4fcc,Question,1614471647.0
"Me and my friend got pes E1,what is the chance of being in same company,same platoon,same section?who should we ask to be in same section,if we were in diff platoon?",0,ls3pav,NationalServiceSG,https://www.reddit.com/r/NationalServiceSG/comments/ls3pav/me_and_my_friend_got_pes_e1what_is_the_chance_of/,5,,8f1b799a-10be-11e9-a22a-0ebe2cfd4fcc,Question,1614278065.0
What kind of games are held for games week for pes E1?is it indoor or outdoor?is it combined with pes c?,0,ls64q7,NationalServiceSG,https://www.reddit.com/r/NationalServiceSG/comments/ls64q7/what_kind_of_games_are_held_for_games_week_for/,1,,8f1b799a-10be-11e9-a22a-0ebe2cfd4fcc,Question,1614287056.0
Looking to down pes,0,lsbh9x,NationalServiceSG,https://www.reddit.com/r/NationalServiceSG/comments/lsbh9x/looking_to_down_pes/,3,"How to down pes ah,can advise pls.",None,None,1614301898.0
Ippt,1,b3ousl,NationalServiceSG,https://www.reddit.com/r/NationalServiceSG/comments/b3ousl/ippt/,4,"I ORDed in 2017 and I did not take my first ippt this year and they just send me a sms to book rt sessions , will they ask me to report to cmpb for not taking my ippt?",None,None,1553192533.0
Block leave for OOT,0,b4xyau,NationalServiceSG,https://www.reddit.com/r/NationalServiceSG/comments/b4xyau/block_leave_for_oot/,3,,None,None,1553472237.0
NS Deferment,2,b99h21,NationalServiceSG,https://www.reddit.com/r/NationalServiceSG/comments/b99h21/ns_deferment/,4,So I just got my NS enlistment date as July 2nd. I finish my IB diploma on the 26th of may and my results come out on the 6th of July and I was really hoping to get the October intake as I need time to finish my SAT subject tests and ACT for university applications... Is it possible to defer till the October intake? ,None,None,1554390117.0
Preventive Medicine Technician,1,b1bmvm,NationalServiceSG,https://www.reddit.com/r/NationalServiceSG/comments/b1bmvm/preventive_medicine_technician/,1,,8f1b799a-10be-11e9-a22a-0ebe2cfd4fcc,Question,1552661710.0
Need some help,0,bml9ux,NationalServiceSG,https://www.reddit.com/r/NationalServiceSG/comments/bml9ux/need_some_help/,4,"Don't really know how to go about this, but...

I feel like my anxiety's getting the better of me.  It's been progressively getting worse, and I don't know what to do now.

I can't help but think that my sergeants are coming after me.  I believe that they want to harm me, therefore I must go out of my way to harm them first, be it physically or mentally.  I can't help but think of the amount of joy and satisfaction I'll get from watching blood spill from their carotids or the amount of sorrow and / or annoyance they'll feel when they realize that someone's been cyberstalking them and misusing their contact information for all the wrong reasons.  It makes me feel safe thinking of all these things.

So far, I've been on MC, but I'm genuinely afraid that one day, they'll just think that I'm malingering and simply revoke the sick leave given to me by my outside psychiatrist.  I just received a call this afternoon telling me to go back to camp and not report sick outside.  I'm just afraid that things might escalate to the point where I hurt someone and get into trouble.",None,None,1557445045.0
"17 May, bmtc V enlistment",4,bmxhne,NationalServiceSG,https://www.reddit.com/r/NationalServiceSG/comments/bmxhne/17_may_bmtc_v_enlistment/,22,Anyone enlisting on that day? Also what to expect on the first day?,None,None,1557519007.0
OOT posting in BMT help,2,bp74kg,NationalServiceSG,https://www.reddit.com/r/NationalServiceSG/comments/bp74kg/oot_posting_in_bmt_help/,11,,None,None,1558002732.0
Directory of vocations,0,c8n1lm,NationalServiceSG,https://www.reddit.com/r/NationalServiceSG/comments/c8n1lm/directory_of_vocations/,1,"Currently in auto tech A van and will most likely downpes to pes C. From what I heard from the skt instructors, the minimum pes for auto tech A van is at least pes B4 and above. So will I get revocated due to the DOV?",None,None,1562182732.0
OOC Mechanic course,0,c0j3wo,NationalServiceSG,https://www.reddit.com/r/NationalServiceSG/comments/c0j3wo/ooc_mechanic_course/,1,,None,None,1560541318.0
BMTC 5 Charlie coy questions ?,0,cduvci,NationalServiceSG,https://www.reddit.com/r/NationalServiceSG/comments/cduvci/bmtc_5_charlie_coy_questions/,8,,None,None,1563298991.0
I got my pes b2 on 1st August and have applied for VEES before that . When will I get my enlistment date/notice . What is the usual time it takes to get a notice after getting pes grade,0,clwuxl,NationalServiceSG,https://www.reddit.com/r/NationalServiceSG/comments/clwuxl/i_got_my_pes_b2_on_1st_august_and_have_applied/,3,,8f1b799a-10be-11e9-a22a-0ebe2cfd4fcc,Question,1564957510.0
"Posted to Sugnei Gedong camp as an combat fit Security trooper, what to expect?",1,cynj80,NationalServiceSG,https://www.reddit.com/r/NationalServiceSG/comments/cynj80/posted_to_sugnei_gedong_camp_as_an_combat_fit/,2,"As title stated.

Here are the following question i want to know in particular.

1) How big is the camp compared to other?

2) Which corporation operate the cookhouse in the camp? How is the food quality compared to other cookhouse?

3) Anyone who work in the camp guard room, would you mind sharing the SOP as i will be there working with you guys soon. Can brief sop via pm if comment section wasnt convenient to share such info.

4) Is Laptop allow in the guard room's resting bunk? It do has webcam function fyi.",None,None,1567450817.0
Looking for NSF/REGULARS who works in S1,0,cu8chg,NationalServiceSG,https://www.reddit.com/r/NationalServiceSG/comments/cu8chg/looking_for_nsfregulars_who_works_in_s1/,6,,None,None,1566560160.0
Cyber SCS,0,d6c95e,NationalServiceSG,https://www.reddit.com/r/NationalServiceSG/comments/d6c95e/cyber_scs/,0,,None,None,1568918750.0
11b benefits,0,d84dlt,NationalServiceSG,https://www.reddit.com/r/NationalServiceSG/comments/d84dlt/11b_benefits/,3,,8f1b799a-10be-11e9-a22a-0ebe2cfd4fcc,Question,1569261412.0
Leave,0,d85aqo,NationalServiceSG,https://www.reddit.com/r/NationalServiceSG/comments/d85aqo/leave/,1,,None,None,1569267408.0
Do they actually consider your vocation choice?,1,dbbji2,NationalServiceSG,https://www.reddit.com/r/NationalServiceSG/comments/dbbji2/do_they_actually_consider_your_vocation_choice/,1,Wondering if they actually give a shit about your vocation choice or is it just a stupid gimmick.,8f1b799a-10be-11e9-a22a-0ebe2cfd4fcc,Question,1569878813.0
Kranji camp 2 still a red zone?,0,do7w4m,NationalServiceSG,https://www.reddit.com/r/NationalServiceSG/comments/do7w4m/kranji_camp_2_still_a_red_zone/,1,Booking in to 21SA @ kranji camp 2 tmrw. Last heard it was a red zone can anyone verify if it still is or lifted?,None,None,1572293038.0
Helpppp,4,dczwil,NationalServiceSG,https://www.reddit.com/r/NationalServiceSG/comments/dczwil/helpppp/,15,,8f1b799a-10be-11e9-a22a-0ebe2cfd4fcc,Question,1570178106.0
Chances of getting into Commandos/Guards as a PR?,0,gzqle4,NationalServiceSG,https://www.reddit.com/r/NationalServiceSG/comments/gzqle4/chances_of_getting_into_commandosguards_as_a_pr/,10,"Quick background: I'm a pre-enlistee (will enter in 2021), and am quite fit so to speak. I'm really keen on joining one of the aforementioned units. Is there any chance of me getting into Commandos/Guards, or are those reserved for SGeans only?

Also, I heard about something called the Commando VA? Could someone please explain what that is exactly?",8f1b799a-10be-11e9-a22a-0ebe2cfd4fcc,Question,1591749202.0
Questions about OOC without down pes,2,h89mjt,NationalServiceSG,https://www.reddit.com/r/NationalServiceSG/comments/h89mjt/questions_about_ooc_without_down_pes/,0,"As the title says, I have OOC‚Äôd from SCS pro term but my injury is not one that I will down pes for. Where will I go once my posting is out ? Is it probably join a unit as a man ?",8f1b799a-10be-11e9-a22a-0ebe2cfd4fcc,Question,1592091039.0
Issue regarding lightduty,0,hum3t2,NationalServiceSG,https://www.reddit.com/r/NationalServiceSG/comments/hum3t2/issue_regarding_lightduty/,6,Hi can anyone give me an answer regarding light duty cause I was just discharge from hospital for having gastroenteritis and having an specialist appointment at end of August so will the MO give me light duty till them cus I was advice to have more rest and not to do any activity that can worsen the condition I hope I can get some favorable answer from all big brother here.,8f1b799a-10be-11e9-a22a-0ebe2cfd4fcc,Question,1595283754.0
Does anyone have any suggestions or ideas on making a video,0,hv6asg,NationalServiceSG,https://www.reddit.com/r/NationalServiceSG/comments/hv6asg/does_anyone_have_any_suggestions_or_ideas_on/,2,,f85220b2-10be-11e9-85c0-0eba31b23f78,Discussion,1595362481.0
